-- phpMyAdmin SQL Dump
-- version 5.2.1
-- https://www.phpmyadmin.net/
--
-- Host: 127.0.0.1
-- Generation Time: Dec 23, 2023 at 06:27 PM
-- Server version: 10.4.32-MariaDB
-- PHP Version: 8.2.12

SET SQL_MODE = "NO_AUTO_VALUE_ON_ZERO";
START TRANSACTION;
SET time_zone = "+00:00";


/*!40101 SET @OLD_CHARACTER_SET_CLIENT=@@CHARACTER_SET_CLIENT */;
/*!40101 SET @OLD_CHARACTER_SET_RESULTS=@@CHARACTER_SET_RESULTS */;
/*!40101 SET @OLD_COLLATION_CONNECTION=@@COLLATION_CONNECTION */;
/*!40101 SET NAMES utf8mb4 */;

--
-- Database: `elearning`
--

-- --------------------------------------------------------

--
-- Table structure for table `courses`
--

CREATE TABLE `courses` (
  `courseID` int(11) NOT NULL,
  `coursename` varchar(100) DEFAULT NULL,
  `course_video` varchar(255) NOT NULL,
  `course_pdf` varchar(255) NOT NULL
) ENGINE=InnoDB DEFAULT CHARSET=latin1 COLLATE=latin1_swedish_ci;

--
-- Dumping data for table `courses`
--

INSERT INTO `courses` (`courseID`, `coursename`, `course_video`, `course_pdf`) VALUES
(1, 'Math ', 'math.mp4', 'math.pdf'),
(2, 'Math 2', 'math2.mp4', 'math2.pdf'),
(3, 'Math 3', 'math3.mp4', 'math3.pdf'),
(4, 'Arabic', 'math.mp4', 'math.pdf'),
(5, 'English', 'math2.mp4', 'math.pdf');

-- --------------------------------------------------------

--
-- Table structure for table `courses_users`
--

CREATE TABLE `courses_users` (
  `CoursesID` int(100) NOT NULL,
  `UserID` int(11) NOT NULL
) ENGINE=InnoDB DEFAULT CHARSET=latin1 COLLATE=latin1_swedish_ci;

--
-- Dumping data for table `courses_users`
--

INSERT INTO `courses_users` (`CoursesID`, `UserID`) VALUES
(1, 1);

-- --------------------------------------------------------

--
-- Table structure for table `questions`
--

CREATE TABLE `questions` (
  `quiz_id` int(10) NOT NULL,
  `question` varchar(255) NOT NULL,
  `answer1` varchar(255) NOT NULL,
  `answer2` varchar(255) NOT NULL,
  `answer3` varchar(255) NOT NULL,
  `answer4` varchar(255) NOT NULL,
  `correctAnswer` varchar(255) NOT NULL
) ENGINE=InnoDB DEFAULT CHARSET=latin1 COLLATE=latin1_swedish_ci;

--
-- Dumping data for table `questions`
--

INSERT INTO `questions` (`quiz_id`, `question`, `answer1`, `answer2`, `answer3`, `answer4`, `correctAnswer`) VALUES
(1, 'If the discount rate is 20% off the purchase price, what is the price after the discount if the original price is $250?', '200$', '225$', '240$', '260$', '200$'),
(1, 'If the price of a book is $20 and it has a 10% discount, what is the price of the book after the discount?', '18$', '16$', '19$', '20$', '18$'),
(1, 'What is the result of the following operation: 5 ร 8 + 12 รท 3?', '40', '45', '48', '50', '48'),
(1, 'What is the sum of numbers from 1 to 100?', '5050', '5000', '5500', '50500', '5050');

-- --------------------------------------------------------

--
-- Table structure for table `quizzes`
--

CREATE TABLE `quizzes` (
  `QuizID` int(11) NOT NULL,
  `CourseID` int(11) DEFAULT NULL,
  `Quiz_Name` varchar(255) NOT NULL,
  `Teacher_Id` int(10) NOT NULL
) ENGINE=InnoDB DEFAULT CHARSET=latin1 COLLATE=latin1_swedish_ci;

--
-- Dumping data for table `quizzes`
--

INSERT INTO `quizzes` (`QuizID`, `CourseID`, `Quiz_Name`, `Teacher_Id`) VALUES
(1, 1, 'Math Quiz', 8);

-- --------------------------------------------------------

--
-- Table structure for table `role`
--

CREATE TABLE `role` (
  `role_id` int(11) NOT NULL,
  `name` varchar(50) DEFAULT NULL
) ENGINE=InnoDB DEFAULT CHARSET=latin1 COLLATE=latin1_swedish_ci;

--
-- Dumping data for table `role`
--

INSERT INTO `role` (`role_id`, `name`) VALUES
(1, 'admin'),
(2, 'teacher'),
(3, 'student');

-- --------------------------------------------------------

--
-- Table structure for table `teacher`
--

CREATE TABLE `teacher` (
  `TeacherID` int(10) NOT NULL,
  `user_id` int(10) NOT NULL,
  `course_id` int(10) NOT NULL
) ENGINE=InnoDB DEFAULT CHARSET=latin1 COLLATE=latin1_swedish_ci;

--
-- Dumping data for table `teacher`
--

INSERT INTO `teacher` (`TeacherID`, `user_id`, `course_id`) VALUES
(1, 10, 5),
(2, 9, 4),
(3, 8, 1);

-- --------------------------------------------------------

--
-- Table structure for table `users`
--

CREATE TABLE `users` (
  `UserID` int(11) NOT NULL,
  `Username` varchar(50) DEFAULT NULL,
  `Email` varchar(100) DEFAULT NULL,
  `Password` varchar(100) DEFAULT NULL,
  `role_id` int(11) DEFAULT 3,
  `image` text DEFAULT NULL
) ENGINE=InnoDB DEFAULT CHARSET=latin1 COLLATE=latin1_swedish_ci;

--
-- Dumping data for table `users`
--

INSERT INTO `users` (`UserID`, `Username`, `Email`, `Password`, `role_id`, `image`) VALUES
(1, 'Qusey Hammad', 'quseyhammad@gmail.com', 'Qusey@123', 3, ''),
(2, 'Mohammed Ghnimat', 'mohammedghnimat27@gmail.com', 'Mohammed@123', 3, ''),
(3, 'Yazan Maharmeh', 'yazanmaharmeh@gmail.com', 'Yazan123@', 3, ''),
(4, 'Ahmad Alhamadin', 'ahmadalhamadin@gmail.com', 'A22@hmad', 3, ''),
(5, 'Abdalrhman Alhababsa', 'abdalrhmanalhababsa@gmail.com', 'A22@alrhman', 3, ''),
(6, 'Mahmoud Slait', 'mahmoudslait@gmail.com', 'Mahmoud@123', 3, ''),
(7, 'Laith Slait', 'laithslait@gmail.com', 'Laith@123', 3, ''),
(8, 'Mohammed Hammad', 'mohammadhammad026@gmail.com', 'Mohammad@123', 2, NULL),
(9, 'Slaiman Arabyat', 'slaimanarabyat@gmail.com', 'Slaiman@123', 2, NULL),
(10, 'Osaid Ghnimat', 'osaidghnimat@gmail.com', 'Osaid@123', 2, NULL),
(11, 'admin', 'admin@test.com', 'Admin123@', 1, NULL);

--
-- Indexes for dumped tables
--

--
-- Indexes for table `courses`
--
ALTER TABLE `courses`
  ADD PRIMARY KEY (`courseID`);

--
-- Indexes for table `courses_users`
--
ALTER TABLE `courses_users`
  ADD PRIMARY KEY (`CoursesID`,`UserID`),
  ADD KEY `courses_users_ibfk_1` (`UserID`);

--
-- Indexes for table `questions`
--
ALTER TABLE `questions`
  ADD UNIQUE KEY `question` (`question`),
  ADD KEY `quiz_id` (`quiz_id`);

--
-- Indexes for table `quizzes`
--
ALTER TABLE `quizzes`
  ADD PRIMARY KEY (`QuizID`),
  ADD UNIQUE KEY `Quiz_Name` (`Quiz_Name`),
  ADD KEY `CourseID` (`CourseID`),
  ADD KEY `Teacher_Id` (`Teacher_Id`);

--
-- Indexes for table `role`
--
ALTER TABLE `role`
  ADD PRIMARY KEY (`role_id`);

--
-- Indexes for table `teacher`
--
ALTER TABLE `teacher`
  ADD PRIMARY KEY (`TeacherID`),
  ADD UNIQUE KEY `user_id` (`user_id`),
  ADD KEY `course_id` (`course_id`);

--
-- Indexes for table `users`
--
ALTER TABLE `users`
  ADD PRIMARY KEY (`UserID`),
  ADD UNIQUE KEY `Email` (`Email`),
  ADD KEY `role_id` (`role_id`);

--
-- AUTO_INCREMENT for dumped tables
--

--
-- AUTO_INCREMENT for table `courses`
--
ALTER TABLE `courses`
  MODIFY `courseID` int(11) NOT NULL AUTO_INCREMENT, AUTO_INCREMENT=42;

--
-- AUTO_INCREMENT for table `quizzes`
--
ALTER TABLE `quizzes`
  MODIFY `QuizID` int(11) NOT NULL AUTO_INCREMENT, AUTO_INCREMENT=128;

--
-- AUTO_INCREMENT for table `role`
--
ALTER TABLE `role`
  MODIFY `role_id` int(11) NOT NULL AUTO_INCREMENT, AUTO_INCREMENT=4;

--
-- AUTO_INCREMENT for table `teacher`
--
ALTER TABLE `teacher`
  MODIFY `TeacherID` int(10) NOT NULL AUTO_INCREMENT, AUTO_INCREMENT=89;

--
-- AUTO_INCREMENT for table `users`
--
ALTER TABLE `users`
  MODIFY `UserID` int(11) NOT NULL AUTO_INCREMENT, AUTO_INCREMENT=165;

--
-- Constraints for dumped tables
--

--
-- Constraints for table `courses_users`
--
ALTER TABLE `courses_users`
  ADD CONSTRAINT `courses_users_ibfk_1` FOREIGN KEY (`UserID`) REFERENCES `users` (`UserID`) ON DELETE CASCADE ON UPDATE CASCADE,
  ADD CONSTRAINT `courses_users_ibfk_2` FOREIGN KEY (`CoursesID`) REFERENCES `courses` (`courseID`) ON DELETE CASCADE ON UPDATE CASCADE;

--
-- Constraints for table `questions`
--
ALTER TABLE `questions`
  ADD CONSTRAINT `questions_ibfk_1` FOREIGN KEY (`quiz_id`) REFERENCES `quizzes` (`QuizID`) ON DELETE CASCADE ON UPDATE CASCADE;

--
-- Constraints for table `quizzes`
--
ALTER TABLE `quizzes`
  ADD CONSTRAINT `quizzes_ibfk_1` FOREIGN KEY (`CourseID`) REFERENCES `courses` (`courseID`) ON DELETE CASCADE ON UPDATE CASCADE,
  ADD CONSTRAINT `quizzes_ibfk_2` FOREIGN KEY (`Teacher_Id`) REFERENCES `teacher` (`user_id`) ON DELETE CASCADE ON UPDATE CASCADE;

--
-- Constraints for table `teacher`
--
ALTER TABLE `teacher`
  ADD CONSTRAINT `teacher_ibfk_1` FOREIGN KEY (`course_id`) REFERENCES `courses` (`courseID`) ON DELETE CASCADE ON UPDATE CASCADE,
  ADD CONSTRAINT `teacher_ibfk_2` FOREIGN KEY (`user_id`) REFERENCES `users` (`UserID`) ON DELETE CASCADE ON UPDATE CASCADE;

--
-- Constraints for table `users`
--
ALTER TABLE `users`
  ADD CONSTRAINT `users_ibfk_1` FOREIGN KEY (`role_id`) REFERENCES `role` (`role_id`) ON DELETE CASCADE ON UPDATE CASCADE;
COMMIT;

/*!40101 SET CHARACTER_SET_CLIENT=@OLD_CHARACTER_SET_CLIENT */;
/*!40101 SET CHARACTER_SET_RESULTS=@OLD_CHARACTER_SET_RESULTS */;
/*!40101 SET COLLATION_CONNECTION=@OLD_COLLATION_CONNECTION */;
